<?xml version="1.0" encoding="utf-8"?>
<!--/992811/682369/2.49/2/4/Inductor/-->
<quadcept_library>
  <setting unit="mil" />
  <textstyle name="Default" height="47.244094488189" strokewidth="7.8740157480315" charwidth="47.244094488189" />
  <textstyle name="Dimension" height="19.6850393700787" strokewidth="0" charwidth="19.6850393700787" />
  <textstyle name="H127W0635TH00762" height="50" strokewidth="3" charwidth="25" />
  <textstyle name="H15W15TH02" height="59.0551181102362" strokewidth="7.8740157480315" charwidth="59.0551181102362" />
  <padstyle name="r550_143" surface="True" plated="False" isvia="False" nopaste="False" nomask="True" complex="False" holesize="0">
    <padshape layer="TOP" shape="rectangle" width="56.299212598425" height="216.53543307086" />
    <padshape layer="TOP_SOLDER_MASK" shape="rectangle" width="64.173228346456" height="224.40944881889" />
    <padshape layer="TOP_SOLDER_PASTE" shape="rectangle" width="56.299212598425" height="216.53543307086" />
  </padstyle>
  <footprint name="XAL6030182MEB" originx="0" originy="0" pickpointx="0" pickpointy="0">
    <pcbpin number="1" name="1" style="r550_143" originx="-79.527559055117" originy="0" rotation="0" />
    <pcbpin number="2" name="2" style="r550_143" originx="79.527559055117" originy="0" rotation="0" />
    <line layer="TOP_ASSEMBLY" originx="-125.1968503937" originy="129.13385826771" endx="125.1968503937" endy="129.13385826771" width="9.9999999999999" />
    <line layer="TOP_ASSEMBLY" originx="125.1968503937" originy="129.13385826771" endx="125.1968503937" endy="-129.13385826771" width="9.9999999999999" />
    <line layer="TOP_ASSEMBLY" originx="125.1968503937" originy="-129.13385826771" endx="-125.1968503937" endy="-129.13385826771" width="9.9999999999999" />
    <line layer="TOP_ASSEMBLY" originx="-125.1968503937" originy="-129.13385826771" endx="-125.1968503937" endy="129.13385826771" width="9.9999999999999" />
    <line layer="TOP_SILKSCREEN" originx="-125.1968503937" originy="129.13385826771" endx="125.1968503937" endy="129.13385826771" width="3.9370078740157" />
    <line layer="TOP_SILKSCREEN" originx="125.1968503937" originy="129.13385826771" endx="125.1968503937" endy="-129.13385826771" width="3.9370078740157" />
    <line layer="TOP_SILKSCREEN" originx="125.1968503937" originy="-129.13385826771" endx="-125.1968503937" endy="-129.13385826771" width="3.9370078740157" />
    <line layer="TOP_SILKSCREEN" originx="-125.1968503937" originy="-129.13385826771" endx="-125.1968503937" endy="129.13385826771" width="3.9370078740157" />
    <line layer="TOP_PLACE_BOUND" originx="-164.56692913386" originy="168.50393700787" endx="164.56692913386" endy="168.50393700787" width="3.9370078740157" />
    <line layer="TOP_PLACE_BOUND" originx="164.56692913386" originy="168.50393700787" endx="164.56692913386" endy="-168.50393700787" width="3.9370078740157" />
    <line layer="TOP_PLACE_BOUND" originx="164.56692913386" originy="-168.50393700787" endx="-164.56692913386" endy="-168.50393700787" width="3.9370078740157" />
    <line layer="TOP_PLACE_BOUND" originx="-164.56692913386" originy="-168.50393700787" endx="-164.56692913386" endy="168.50393700787" width="3.9370078740157" />
  </footprint>
  <symbol name="XAL6030-222MEB" originx="0" originy="0">
    <arc originx="250" originy="-2" startangle="177.7" sweepangle="-175.4" radius="50" width="0" />
    <arc originx="350" originy="-2" startangle="177.7" sweepangle="-175.4" radius="50" width="0" />
    <arc originx="450" originy="-2" startangle="177.7" sweepangle="-175.4" radius="50" width="0" />
    <arc originx="550" originy="-2" startangle="177.7" sweepangle="-175.4" radius="50" width="0" />
    <sympin number="1" originx="200" originy="0" rotation="180" length="100" width="7.8740157480315" flipped="False">
      <text name="pinname" originx="0" originy="-10" style="Default" rotation="0" justify="upperleft" flipped="False" hidden="True" data="1" />
      <text name="pindes" originx="0" originy="10" style="Default" rotation="0" justify="lowerleft" flipped="False" hidden="False" data="1" />
    </sympin>
    <sympin number="2" originx="600" originy="0" rotation="0" length="100" width="7.8740157480315" flipped="False">
      <text name="pinname" originx="800" originy="-10" style="Default" rotation="0" justify="upperright" flipped="False" hidden="True" data="2" />
      <text name="pindes" originx="800" originy="10" style="Default" rotation="0" justify="lowerright" flipped="False" hidden="False" data="2" />
    </sympin>
  </symbol>
  <component name="XAL6030-222MEB" designatorprefix="L" height="122.04724409449" footprint="XAL6030182MEB">
    <comppin designator="1" sympin="1" pinswap="0" gateswap="0" gate="1" group="1" side="" type="Any" name="1" />
    <comppin designator="2" sympin="2" pinswap="0" gateswap="0" gate="1" group="1" side="" type="Any" name="2" />
    <attached_symbol gate="1" name="XAL6030-222MEB" />
    <pinmap designator="1" footprintpin="1" />
    <pinmap designator="2" footprintpin="2" />
    <text name="Datasheet" originx="0" originy="0" style="Default" rotation="0" justify="" flipped="False" hidden="True" data="https://www.coilcraft.com/pdfs/xal60xx.pdf" />
    <text name="Description" originx="0" originy="0" style="Default" rotation="0" justify="" flipped="False" hidden="True" data="Fixed Inductors 2.2uH 20% 10A 13.97mOhms AEC-Q200" />
    <text name="Mouser Part Number" originx="0" originy="0" style="Default" rotation="0" justify="" flipped="False" hidden="True" data="994-XAL6030-222MEB" />
    <text name="Mouser Price/Stock" originx="0" originy="0" style="Default" rotation="0" justify="" flipped="False" hidden="True" data="https://www.mouser.co.uk/ProductDetail/Coilcraft/XAL6030-222MEB/?qs=VJjuEbE9QBMs0xr%2FAJ9a1A%3D%3D" />
    <text name="Manufacturer_Name" originx="0" originy="0" style="Default" rotation="0" justify="" flipped="False" hidden="True" data="COILCRAFT" />
    <text name="Manufacturer_Part_Number" originx="650" originy="150" style="Default" rotation="0" justify="left" flipped="False" hidden="False" data="XAL6030-222MEB" />
  </component>
</quadcept_library>
